model,accuracy,f1-score,precision,recall,roc_auc_score
DecisionTree_weighted_wodummies,0.59692537,0.366806309,0.261140351,0.616100993,0.641138839
DecisionTree_unweighted_wodummies,0.813060802,0,0,0,0.639094437
DecisionTree_weighted_dummies,0.561633306,0.353857893,0.244223158,0.642107913,0.630509849
Random_forest_balanced_wo_dummies,0.61561147,0.37053021,0.267002332,0.605185869,0.656458755
Logit_unweighted_dummies,0.813029428,0.000335486,0.333333333,0.000167827,0.646254133
Logistic regression w/dummies,0.6030934303821296,0.3675132486751325,0.26172250507352157,0.6168498783250819,0.6464502744925973
XGB,0.8132490431072348,0.004515427711347103,0.6428571428571429,0.0022656708903247462,0.6646590664176748
